{"training/loss": 0.36021888256073, "training/mse": 0.12653101980686188, "_timestamp": 1720603741.397126, "_runtime": 2289.087257862091, "_step": 4999, "_wandb": {"runtime": 2291}}