{"action": {"mean": [-0.005418333224952221, -0.48032841086387634, 1.010241150856018, -0.004219783004373312, -0.529761791229248, 1.1214244365692139, 0.5874999761581421, 0.019553646445274353, -0.31375426054000854, 0.4702377915382385, -0.023141974583268166, 0.772203266620636, 0.03748445585370064, 0.5962499976158142], "std": [0.0037046584766358137, 0.5198383331298828, 0.19777600467205048, 0.016286086291074753, 0.3604508340358734, 0.5996003746986389, 0.42410895228385925, 0.11114567518234253, 0.494358092546463, 0.44354817271232605, 0.14520220458507538, 0.2956254184246063, 0.2277882844209671, 0.3861176669597626], "max": [0.003640103619545698, -0.0011156348045915365, 1.3364633321762085, 0.08721808344125748, 0.38442423939704895, 1.5826531648635864, 1.0, 0.4779319763183594, 0.27046096324920654, 1.2083989381790161, 0.5946864485740662, 1.059208631515503, 1.0856034755706787, 1.0], "min": [-0.009873388335108757, -1.5841866731643677, 0.7224725484848022, -0.015388309955596924, -0.8307557106018066, -0.0009437015978619456, 0.0, -0.35700783133506775, -1.5885518789291382, -0.03710378706455231, -0.6974614262580872, -0.30000001192092896, -0.8835968971252441, 0.0]}, "proprio": {"mean": [-0.005376490298658609, -0.4888645112514496, 1.0137462615966797, -0.006142896134406328, -0.5179895758628845, 1.121835470199585, 0.6895313262939453, 0.01946607232093811, -0.31947365403175354, 0.4781806170940399, -0.024860743433237076, 0.7694509625434875, 0.037437256425619125, 0.7088849544525146], "std": [0.0036437560338526964, 0.5279965400695801, 0.1980394423007965, 0.016402624547481537, 0.35916024446487427, 0.5997874140739441, 0.25535255670547485, 0.1096450611948967, 0.5030747056007385, 0.44584089517593384, 0.1430940181016922, 0.3057485520839691, 0.22783678770065308, 0.24754324555397034], "max": [0.002677307231351733, 0.0007640126277692616, 1.3400592803955078, 0.08492568880319595, 0.39077815413475037, 1.583146095275879, 0.932496190071106, 0.476897656917572, 0.27197518944740295, 1.208260178565979, 0.5955550074577332, 1.0651240348815918, 1.0857996940612793, 1.0364327430725098], "min": [-0.009808202274143696, -1.5829112529754639, 0.7257948517799377, -0.01767185889184475, -0.8194121718406677, -0.0013808455551043153, 0.09741520136594772, -0.35571369528770447, -1.5870424509048462, -0.03345781937241554, -0.7004774808883667, -0.30000001192092896, -0.8835340142250061, 0.09984833002090454]}, "num_transitions": 20000, "num_trajectories": 50}