{"action": {"mean": [-0.005418337881565094, -0.480327308177948, 1.010241985321045, -0.004219778347760439, -0.5297611355781555, 1.121427059173584, 0.5874999761581421, 0.020336665213108063, -0.3163829445838928, 0.4724401831626892, -0.023962391540408134, 0.7724170684814453, 0.03884171321988106, 0.5962499976158142], "std": [0.0037046608049422503, 0.5198388695716858, 0.19777612388134003, 0.016286062076687813, 0.3604508340358734, 0.5995998978614807, 0.4241088330745697, 0.10913016647100449, 0.4947088062763214, 0.44489455223083496, 0.14319446682929993, 0.29568037390708923, 0.22439806163311005, 0.38611677289009094], "max": [0.003640103619545698, -0.0011156348045915365, 1.3364633321762085, 0.08721808344125748, 0.38442423939704895, 1.5826531648635864, 1.0, 0.4779319763183594, 0.27046096324920654, 1.2083989381790161, 0.5946864485740662, 1.059208631515503, 1.0856034755706787, 1.0], "min": [-0.009873388335108757, -1.5841866731643677, 0.7224725484848022, -0.015388309955596924, -0.8307557106018066, -0.0009437015978619456, 0.0, -0.35700783133506775, -1.5885518789291382, -0.03710378706455231, -0.6974614262580872, -0.30000001192092896, -0.8835968971252441, 0.0]}, "proprio": {"mean": [-0.005376494489610195, -0.48886430263519287, 1.0137450695037842, -0.006142772268503904, -0.5179887413978577, 1.1218355894088745, 0.6895310878753662, 0.020249178633093834, -0.3221626579761505, 0.48038145899772644, -0.025662733241915703, 0.7696666121482849, 0.03879409283399582, 0.708920419216156], "std": [0.003643757663667202, 0.5279965996742249, 0.19803956151008606, 0.016402654349803925, 0.35916000604629517, 0.5997869968414307, 0.2553516626358032, 0.10762995481491089, 0.5034323930740356, 0.44715580344200134, 0.14112365245819092, 0.30580955743789673, 0.22444835305213928, 0.24754741787910461], "max": [0.002677307231351733, 0.0007640126277692616, 1.3400592803955078, 0.08492568880319595, 0.39077815413475037, 1.583146095275879, 0.932496190071106, 0.476897656917572, 0.27197518944740295, 1.208260178565979, 0.5955550074577332, 1.0651240348815918, 1.0857996940612793, 1.0364327430725098], "min": [-0.009808202274143696, -1.5829112529754639, 0.7257948517799377, -0.01767185889184475, -0.8194121718406677, -0.0013808455551043153, 0.09741520136594772, -0.35571369528770447, -1.5870424509048462, -0.03345781937241554, -0.7004774808883667, -0.30000001192092896, -0.8835340142250061, 0.09984833002090454]}, "num_transitions": 19200, "num_trajectories": 48}