{"action": {"mean": [-0.0054183355532586575, -0.4803272485733032, 1.010241985321045, -0.004219777416437864, -0.5297611355781555, 1.1214271783828735, 0.5874999761581421, 0.02033655345439911, -0.31638309359550476, 0.47243982553482056, -0.023962415754795074, 0.7724175453186035, 0.03884124755859375, 0.5962499976158142], "std": [0.003704661736264825, 0.519838809967041, 0.19777610898017883, 0.016286062076687813, 0.3604508340358734, 0.5995997786521912, 0.4241088330745697, 0.10913020372390747, 0.49470898509025574, 0.44489431381225586, 0.1431945115327835, 0.2956804633140564, 0.2243984490633011, 0.38611677289009094], "max": [0.003640103619545698, -0.0011156348045915365, 1.3364633321762085, 0.08721808344125748, 0.38442423939704895, 1.5826531648635864, 1.0, 0.4779319763183594, 0.27046096324920654, 1.2083989381790161, 0.5946864485740662, 1.059208631515503, 1.0856034755706787, 1.0], "min": [-0.009873388335108757, -1.5841866731643677, 0.7224725484848022, -0.015388309955596924, -0.8307557106018066, -0.0009437015978619456, 0.0, -0.35700783133506775, -1.5885518789291382, -0.03710378706455231, -0.6974614262580872, -0.30000001192092896, -0.8835968971252441, 0.0]}, "proprio": {"mean": [-0.0053764949552714825, -0.4888644516468048, 1.0137450695037842, -0.006142779253423214, -0.5179885625839233, 1.1218349933624268, 0.6895307302474976, 0.02024908922612667, -0.3221629559993744, 0.48038092255592346, -0.02566280961036682, 0.7696671485900879, 0.03879368305206299, 0.7089197039604187], "std": [0.0036437571980059147, 0.5279966592788696, 0.19803963601589203, 0.016402648761868477, 0.3591601848602295, 0.5997869372367859, 0.2553514242172241, 0.10762991011142731, 0.5034324526786804, 0.4471559226512909, 0.14112251996994019, 0.30580970644950867, 0.2244487702846527, 0.24754749238491058], "max": [0.002677307231351733, 0.0007640126277692616, 1.3400592803955078, 0.08492568880319595, 0.39077815413475037, 1.583146095275879, 0.932496190071106, 0.476897656917572, 0.27197518944740295, 1.208260178565979, 0.5955550074577332, 1.0651240348815918, 1.0857996940612793, 1.0364327430725098], "min": [-0.009808202274143696, -1.5829112529754639, 0.7257948517799377, -0.01767185889184475, -0.8194121718406677, -0.0013808455551043153, 0.09741520136594772, -0.35571369528770447, -1.5870424509048462, -0.03345781937241554, -0.7004774808883667, -0.30000001192092896, -0.8835340142250061, 0.09984833002090454]}, "num_transitions": 19200, "num_trajectories": 48}